ID, TARGET
0378-NHQXU, 0.5624135732650757
4745-LSPLO, 0.3414924740791321
5144-TVGLP, 0.5757498741149902
3422-GALYP, 0.7636154890060425
5630-IXDXV, 0.5613025426864624
0668-OGMHD, 0.257636696100235
7233-DRTRF, 0.5011489987373352
8229-TNIQA, 0.2937408685684204
8778-LMWTJ, 0.6137800216674805
3474-BAFSJ, 0.09704834967851639
2569-WGERO, 0.09018024057149887
9804-ICWBG, 0.8689463138580322
1322-AGOQM, 0.2336413562297821
8065-YKXKD, 0.6979585289955139
7030-NJVDP, 0.23966005444526672
0621-CXBKL, 0.1004221960902214
5039-LZRQT, 0.09381987899541855
4628-CTTLA, 0.24761927127838135
9365-SRSZE, 0.4348176419734955
2709-UQGNP, 0.20239514112472534
1226-IENZN, 0.6263639330863953
0017-DINOC, 0.10410786420106888
9150-KPBJQ, 0.09333586692810059
8246-SHFGA, 0.19295085966587067
3143-JQEGI, 0.6472006440162659
3451-VAWLI, 0.09218709915876389
4009-ALQFH, 0.521844744682312
9871-ELEYA, 0.0970209464430809
7683-CBDKJ, 0.1883292943239212
8023-QHAIO, 0.20029622316360474
9894-QMIMJ, 0.11797074228525162
9617-UDPEU, 0.09548499435186386
6770-UAYGJ, 0.09190534800291061
7089-IVVAZ, 0.7516414523124695
5168-MQQCA, 0.34044012427330017
9992-UJOEL, 0.5932955145835876
0587-DMGBH, 0.24804481863975525
3352-ALMCK, 0.5797849893569946
6022-KOUQO, 0.6218045353889465
5312-IRCFR, 0.15368697047233582
2386-OWURY, 0.21487122774124146
5669-SRAIP, 0.3927089273929596
3891-PUQOD, 0.554467499256134
2379-ENZGV, 0.7700752019882202
9508-ILZDG, 0.37719476222991943
3055-VTCGS, 0.12127519398927689
0537-QYZZN, 0.4285338222980499
3027-ZTDHO, 0.8833592534065247
4770-UEZOX, 0.6740977168083191
8735-IJJEG, 0.22878560423851013
5998-VVEJY, 0.29720908403396606
0824-VWDPO, 0.1808203160762787
6551-VLJMV, 0.09206356108188629
5583-EJXRD, 0.09449875354766846
0376-YMCJC, 0.3234218657016754
9474-PHLYD, 0.2264217734336853
9972-EWRJS, 0.09091346710920334
3209-ZPKFI, 0.14616551995277405
6542-LWGXJ, 0.5801061987876892
9305-CDSKC, 0.7801280617713928
2672-TGEFF, 0.4917239546775818
2921-XWDJH, 0.3923029899597168
3780-DDGSE, 0.15530522167682648
9500-LTVBP, 0.3104792833328247
1480-IVEVR, 0.12391652911901474
8189-DUKMV, 0.10512092709541321
7721-DVEKZ, 0.38491523265838623
0750-EBAIU, 0.13139191269874573
6817-WTYHE, 0.5541911721229553
2883-ILGWO, 0.305414080619812
0420-TXVSG, 0.09415693581104279
0761-AETCS, 0.30634018778800964
1074-WVEVG, 0.09745855629444122
3389-KTRXV, 0.09276267141103745
5018-GWURO, 0.34347444772720337
8138-EALND, 0.16868427395820618
1960-UOTYM, 0.09389311820268631
0547-HURJB, 0.17752555012702942
8715-KKTFG, 0.31323254108428955
8329-IBCTI, 0.38491523265838623
5478-JJVZK, 0.1509176343679428
5440-FLBQG, 0.1547984927892685
3023-GFLBR, 0.45491811633110046
6173-ITPWD, 0.34979820251464844
1202-KKGFU, 0.22695021331310272
8792-AOROI, 0.10468602925539017
1096-ADRUX, 0.12640000879764557
0489-WMEMG, 0.11769744753837585
6825-UYPFK, 0.3842240273952484
6538-POCHL, 0.40213045477867126
4192-GORJT, 0.7716615796089172
1867-TJHTS, 0.20416486263275146
0654-PQKDW, 0.11485164612531662
6559-ILWKJ, 0.09015724062919617
6248-TKCQV, 0.09604267030954361
7607-QKKTJ, 0.15072490274906158
8681-ICONS, 0.12757347524166107
1063-DHQJF, 0.1048717349767685
4256-ZWTZI, 0.2663244903087616
3374-PZLXD, 0.12763138115406036
0221-WMXNQ, 0.5522750020027161
9281-OFDMF, 0.4552387595176697
8818-XYFCQ, 0.4957376718521118
8155-IBNHG, 0.439654141664505
6435-VWCCY, 0.10741328448057175
3363-DTIVD, 0.10914436727762222
6214-EDAKZ, 0.15382444858551025
2209-XADXF, 0.6316626071929932
5858-EAFCZ, 0.5826253890991211
0975-UYDTX, 0.16107875108718872
9190-MFJLN, 0.5389829874038696
2391-IPLOP, 0.1238010972738266
3679-XASPY, 0.3575252592563629
6627-CFOSN, 0.24023520946502686
3970-XGJDU, 0.09509573876857758
7426-GSWPO, 0.3737533688545227
5276-KQWHG, 0.5090641975402832
9073-ZZIAY, 0.09546107053756714
6345-ULYRW, 0.1417047381401062
0461-CVKMU, 0.2757974863052368
4989-LIXVT, 0.32782551646232605
5956-YHHRX, 0.6323148012161255
3751-KTZEL, 0.584187388420105
7596-LDUXP, 0.23024727404117584
9885-CSMWE, 0.8892630934715271
5995-WWKKG, 0.0969945639371872
0018-NYROU, 0.3979109823703766
4683-WYDOU, 0.1656230390071869
1272-ILHFG, 0.09435092657804489
4486-EFAEB, 0.17132458090782166
2868-MZAGQ, 0.8811331391334534
5173-ZXXXL, 0.1496109813451767
1452-XRSJV, 0.15504410862922668
2054-PJOCK, 0.13981138169765472
7798-JVXYM, 0.23178790509700775
2460-NGXBJ, 0.6945772767066956
7718-RXDGG, 0.3748810291290283
1552-AAGRX, 0.4144810736179352
1100-DDVRV, 0.29204967617988586
4396-KLSEH, 0.18673188984394073
6625-UTXEW, 0.20534971356391907
1024-KPRBB, 0.17143383622169495
6994-KERXL, 0.27314433455467224
6207-WIOLX, 0.24087008833885193
3530-CRZSB, 0.15147535502910614
2235-EZAIK, 0.09138715267181396
5404-GGUKR, 0.28330209851264954
9244-ZVAPM, 0.5851960182189941
8039-EQPIM, 0.09448983520269394
9560-ARGQJ, 0.6676284074783325
9675-ICXCT, 0.09476713091135025
7061-OVMIM, 0.09476862102746964
0378-TOVMS, 0.6805345416069031
5320-BRKGK, 0.09653057157993317
5174-ITUMV, 0.17096437513828278
2081-VEYEH, 0.772712230682373
2683-JXWQQ, 0.21498823165893555
2120-SMPEX, 0.1196230873465538
0495-ZBNGW, 0.7588475942611694
9919-KNPOO, 0.559899628162384
5504-WSIUR, 0.14520594477653503
7225-IILWY, 0.08994120359420776
2898-MRKPI, 0.17413611710071564
4102-OQUPX, 0.852486252784729
3916-NRPAP, 0.6729084253311157
9904-EHEVJ, 0.48885032534599304
7860-UXCRM, 0.09444151818752289
9415-ZNBSX, 0.09278189390897751
0707-HOVVN, 0.09853793680667877
5197-LQXXH, 0.08983618766069412
5115-GZDEL, 0.0906049981713295
1841-YSJGV, 0.10057440400123596
7421-ZLUPA, 0.5183792114257812
7938-OUHIO, 0.772712230682373
9611-CTWIH, 0.772712230682373
4369-NYSCF, 0.15507040917873383
6122-LJADA, 0.09299661964178085
6728-DKUCO, 0.12848542630672455
9895-VFOXH, 0.5137596726417542
3097-PYWXL, 0.17362895607948303
1084-MNSMJ, 0.09338267892599106
8215-NGSPE, 0.09173822402954102
5133-VRSAB, 0.42044705152511597
5299-SJCZT, 0.78572678565979
0771-WLCLA, 0.6341898441314697
9249-FXSCK, 0.2958185076713562
1621-YNCJH, 0.18056948482990265
5174-RNGBH, 0.1762700378894806
5716-LIBJC, 0.4222972095012665
0969-RGKCU, 0.09539029747247696
8637-XJIVR, 0.6495071053504944
6686-YPGHK, 0.32546016573905945
5153-RTHKF, 0.4914497435092926
6656-GULJQ, 0.09480211138725281
5385-SUIRI, 0.46437108516693115
5228-EXCET, 0.7026923894882202
9821-POOTN, 0.44347724318504333
7560-QJAVJ, 0.09853668510913849
9481-WHGWY, 0.10106188803911209
1945-XISKS, 0.09087757021188736
9481-IEBZY, 0.22109362483024597
8174-TBVCF, 0.1381034553050995
9734-YWGEX, 0.7109842300415039
7249-WBIYX, 0.7745005488395691
2256-YLYLP, 0.10139261931180954
7968-QUXNS, 0.14852780103683472
8706-HRADD, 0.2225257158279419
6647-ZEDXT, 0.2527913749217987
5709-LVOEQ, 0.1071472316980362
0215-BQKGS, 0.3491692841053009
1971-DTCZB, 0.0899178683757782
2538-OIMXF, 0.5774132013320923
2087-QAREY, 0.14941325783729553
1166-PQLGG, 0.08875692635774612
2223-GDSHL, 0.10318846255540848
0222-CNVPT, 0.2890545725822449
2654-VBVPB, 0.3998969495296478
1088-CNNKB, 0.14584200084209442
5222-IMUKT, 0.43731775879859924
0083-PIVIK, 0.12087351083755493
8292-ITGYJ, 0.09175354242324829
0723-VSOBE, 0.12725485861301422
9070-BCKQP, 0.09419970959424973
3186-AJIEK, 0.15078353881835938
9058-MJLZC, 0.4270702600479126
8677-HDZEE, 0.29278209805488586
3750-CKVKH, 0.5160364508628845
1915-OAKWD, 0.09524451196193695
4581-SSPWD, 0.7250863313674927
4116-IQRFR, 0.10914253443479538
7519-JTWQH, 0.14315710961818695
4726-DLWQN, 0.1603005826473236
2079-FBMZK, 0.41362395882606506
1656-DRSMG, 0.2702832818031311
9576-SYUHJ, 0.41472771763801575
5685-IIXLY, 0.7397293448448181
2186-QZEYA, 0.1530657410621643
3370-HXOPH, 0.6878827810287476
4476-OSWTN, 0.2685590088367462
9488-HGMJH, 0.8440237045288086
6689-TCZHQ, 0.6231755018234253
4074-SJFFA, 0.6112976670265198
4501-EQDRN, 0.8957991600036621
1187-WILMM, 0.09423267096281052
7277-KAMWT, 0.09200987219810486
1346-UFHAX, 0.6584959030151367
6379-RXJRQ, 0.4359947443008423
5701-ZIKJE, 0.20349422097206116
7993-NQLJE, 0.5008546113967896
6198-RTPMF, 0.5783270001411438
5789-LDFXO, 0.10295826941728592
8225-BTJAU, 0.7342268228530884
3908-MKIMJ, 0.09714407473802567
3982-XWFZQ, 0.15489056706428528
5574-NXZIU, 0.14583440124988556
2091-RFFBA, 0.4750729501247406
7980-MHFLQ, 0.08879262208938599
9574-RKJIF, 0.44493862986564636
7861-UVUFT, 0.6978658437728882
1120-BMWUB, 0.19212429225444794
7480-QNVZJ, 0.6008522510528564
7054-DMVAS, 0.09425698965787888
3133-PZNSR, 0.1046319380402565
9415-DPEWS, 0.35497570037841797
4079-VTGLK, 0.09774882346391678
8739-XNIKG, 0.7742190361022949
8590-OHDIW, 0.09478242695331573
5834-ASPWA, 0.8589189648628235
3587-PMCOY, 0.46970605850219727
0567-GGCAC, 0.20767326653003693
6502-KUGLL, 0.1909167319536209
2141-RRYGO, 0.27433449029922485
2371-KFUOG, 0.2289132922887802
6061-GWWAV, 0.13025644421577454
3946-MHCZW, 0.5796108245849609
7402-EYFXX, 0.569515585899353
6732-VAILE, 0.09294614940881729
4510-PYUSH, 0.15970656275749207
3973-SKMLN, 0.09024132788181305
1696-HXOWK, 0.12777955830097198
2758-RNWXS, 0.1329883188009262
3580-GICBM, 0.09038647264242172
5522-JBWMO, 0.5756007432937622
4554-YGZIH, 0.41157039999961853
9297-EONCV, 0.08993019908666611
2043-WVTQJ, 0.5407741069793701
8480-PPONV, 0.14421077072620392
6230-BSUXY, 0.8843598961830139
0404-SWRVG, 0.7178698182106018
2609-IAICY, 0.8854562640190125
8966-OIQHG, 0.09596863389015198
7649-SIJJF, 0.08965747803449631
8152-VETUR, 0.14463470876216888
9795-NREXC, 0.10161586105823517
5993-JSUWV, 0.09400947391986847
2834-JRTUA, 0.11622269451618195
5968-XQIVE, 0.153862863779068
8735-DCXNF, 0.22635503113269806
5451-YHYPW, 0.09141303598880768
5743-KHMNA, 0.09049925208091736
7923-IYJWY, 0.13978378474712372
5707-ZMDJP, 0.09394943714141846
8218-FFJDS, 0.08970697224140167
7255-SSFBC, 0.12632682919502258
9497-QCMMS, 0.8879668116569519
5117-ZSMHQ, 0.08981810510158539
1450-GALXR, 0.7684637308120728
5630-AHZIL, 0.3576655089855194
2868-SNELZ, 0.7235888242721558
2696-ECXKC, 0.18992364406585693
6925-BAYGL, 0.09370768070220947
7359-SSBJK, 0.09706489741802216
8076-FEZKJ, 0.09415120631456375
5298-GSTLM, 0.23193073272705078
9818-XQCUV, 0.13295656442642212
6635-CPNUN, 0.547458827495575
7251-LJBQN, 0.2639598250389099
1897-RCFUM, 0.10117368400096893
0946-FKYTX, 0.11185862869024277
8966-SNIZF, 0.09048061072826385
5167-ZFFMM, 0.7852069735527039
1156-ZFYDO, 0.3717455565929413
9153-BTBVV, 0.08892317116260529
1699-TLDLZ, 0.09159979969263077
8885-QSQBX, 0.5542579293251038
2999-AANRQ, 0.0951509028673172
6240-EURKS, 0.24937503039836884
3162-ZJZFU, 0.20160344243049622
8089-UZWLX, 0.12746450304985046
7973-DZRKH, 0.10984551906585693
1309-BXVOQ, 0.5029004812240601
0549-CYCQN, 0.11477833986282349
6331-LWDTQ, 0.24353086948394775
7349-ALMUX, 0.0944686308503151
8752-IMQOS, 0.10056205838918686
3569-VLDHH, 0.11794177442789078
5095-ETBRJ, 0.10321465879678726
3422-WJOYD, 0.11095357686281204
0238-WHBIQ, 0.09022799134254456
9079-YEXQJ, 0.2780724763870239
7776-QGYJC, 0.25624772906303406
0115-TFERT, 0.47913721203804016
9691-HKOVS, 0.13899004459381104
3717-OFRTN, 0.3792283535003662
4958-GZWIY, 0.24456223845481873
6497-TILVL, 0.2198083996772766
9571-EDEBV, 0.18069972097873688
2848-YXSMW, 0.08885359764099121
7854-FOKSF, 0.6398218870162964
2826-UWHIS, 0.3493712544441223
2506-CLAKW, 0.6990126967430115
8903-WMRNW, 0.627652645111084
0224-HJAPT, 0.29707032442092896
0815-MFZGM, 0.1537901908159256
5839-SUYVZ, 0.613269031047821
8393-DLHGA, 0.5203708410263062
8033-ATFAS, 0.1532185673713684
0568-ONFPC, 0.18503063917160034
7644-OMVMY, 0.10946478694677353
3097-FQTVJ, 0.09311386197805405
2690-DVRVK, 0.10458801686763763
2612-RANWT, 0.7583618760108948
4030-VPZBD, 0.6948779225349426
4729-XKASR, 0.6271097660064697
9541-ZPSEA, 0.1061672791838646
1139-WUOAH, 0.10559537261724472
0394-YONDK, 0.0905294343829155
2786-GCDPI, 0.3559108376502991
3401-URHDA, 0.1150994747877121
8328-SKJNO, 0.10991202294826508
5295-PCJOO, 0.30888667702674866
9795-SHUHB, 0.0941360741853714
4647-XXZAM, 0.25256699323654175
3831-YCPUO, 0.09464763104915619
7598-UAASY, 0.6437948346138
0679-TDGAK, 0.15122303366661072
6439-GTPCA, 0.24969133734703064
1834-WULEG, 0.09468391537666321
3420-ZDBMA, 0.5814542770385742
5701-YVSVF, 0.7314202785491943
0916-KNFAJ, 0.09550637006759644
7511-YMXVQ, 0.3562985360622406
4210-QFJMF, 0.7385324239730835
5549-ZGHFB, 0.09190534800291061
5539-HIVAK, 0.12614713609218597
3500-NSDOA, 0.09548670798540115
6766-HFKLA, 0.18275229632854462
5930-GBIWP, 0.09262383729219437
8815-LMFLX, 0.12449239194393158
6833-JMZYP, 0.7024617195129395
4760-THGOT, 0.34810662269592285
1561-BWHIN, 0.094654880464077
2530-FMFXO, 0.17792408168315887
1450-SKCVI, 0.24902179837226868
4547-FZJWE, 0.1394953727722168
6394-MFYNG, 0.5000337958335876
7632-YUTXB, 0.09468391537666321
4959-JOSRX, 0.6053176522254944
2632-TACXW, 0.09069839119911194
0939-EREMR, 0.20663835108280182
1930-WNXSB, 0.31693974137306213
3426-NIYYL, 0.23706260323524475
4318-RAJVY, 0.0953272134065628
9146-JRIOX, 0.1669836789369583
5561-NWEVX, 0.7130077481269836
4713-ZBURT, 0.17452140152454376
6968-MHOMU, 0.16663219034671783
9968-FFVVH, 0.11175743490457535
1875-QIVME, 0.78572678565979
0032-PGELS, 0.5955016016960144
7460-ITWWP, 0.37576228380203247
3376-BMGFE, 0.6025132536888123
8837-VVWLQ, 0.6574313044548035
7130-VTEWQ, 0.7006336450576782
7758-UJWYS, 0.09433677047491074
7552-KEYGT, 0.09218969196081161
5980-BDHPY, 0.08965747803449631
2665-NPTGL, 0.5932565331459045
3549-ZTMNH, 0.09337443858385086
6749-UTDVX, 0.14509010314941406
9824-QCJPK, 0.09511211514472961
8780-RSYYU, 0.13415418565273285
6954-OOYZZ, 0.1615685373544693
8961-QDZZJ, 0.18928129971027374
5213-TWWJU, 0.25856271386146545
6137-NICCO, 0.7691516876220703
0906-QVPMS, 0.09446185827255249
5780-INQIK, 0.24759966135025024
2958-NHPPS, 0.1200496256351471
6447-EGDIV, 0.10103949904441833
3129-AAQOU, 0.09376607835292816
2211-RMNHO, 0.09246113151311874
2320-TZRRH, 0.09486579149961472
0402-OAMEN, 0.08875375986099243
8544-GOQSH, 0.7035109400749207
4424-TKOPW, 0.7869320511817932
0947-MUGVO, 0.45574092864990234
5022-JNQEQ, 0.6505036950111389
4013-TLDHQ, 0.4323279857635498
0133-BMFZO, 0.6652938723564148
9426-SXNHE, 0.15225949883460999
3452-SRFEG, 0.3462260663509369
8917-FAEMR, 0.09311386197805405
8818-DOPVL, 0.594740092754364
2962-XPMCQ, 0.6065605282783508
7328-OWMOM, 0.09541352093219757
2307-FYNNL, 0.14895306527614594
2504-DSHIH, 0.49131181836128235
9586-JGQKH, 0.12880055606365204
8268-YDIXR, 0.1261184811592102
2925-MXLSX, 0.13058853149414062
2954-PIBKO, 0.09788019955158234
1488-SYSFC, 0.13047273457050323
9060-HJJRW, 0.15081492066383362
3249-ZPQRG, 0.6797811388969421
1000-AJSLD, 0.49617356061935425
2276-YDAVZ, 0.7188001871109009
7191-ADRGF, 0.09424689412117004
0895-DQHEW, 0.5292453169822693
4391-LNRXK, 0.24641872942447662
0481-SUMCB, 0.24315397441387177
5307-UVGNB, 0.22616970539093018
2587-YNLES, 0.09376779198646545
6211-WWLTF, 0.12679187953472137
5186-SAMNZ, 0.9008580446243286
1697-BCSHV, 0.14814825356006622
0744-GKNGE, 0.13883273303508759
3635-JBPSG, 0.09806667268276215
5788-YPOEG, 0.09595426917076111
3217-FZDMN, 0.7689956426620483
7115-IRDHS, 0.08888425678014755
6620-JDYNW, 0.15899842977523804
6188-UXBBR, 0.0964367613196373
7789-HKSBS, 0.2582194209098816
5176-LMJXE, 0.0931311547756195
9378-FXTIZ, 0.15267479419708252
6625-FLENO, 0.0917634591460228
6242-SGYTS, 0.1713792234659195
5599-HVLTW, 0.7258597016334534
2773-OVBPK, 0.1575516164302826
9206-GVPEQ, 0.3536205589771271
1104-TNLZA, 0.5086869597434998
3104-OWCGK, 0.1397305279970169
1642-HMARX, 0.0937310978770256
4909-JOUPP, 0.1255543977022171
9330-VOFSZ, 0.13567154109477997
9558-IHEZX, 0.11104284226894379
6166-YIPFO, 0.0911053940653801
3325-FUYCG, 0.19677263498306274
1304-SEGFY, 0.148087739944458
9667-EQRXU, 0.26980432868003845
5868-CZJDR, 0.6637595891952515
2232-DMLXU, 0.6014841198921204
7153-CHRBV, 0.11061292141675949
6184-DYUOB, 0.14506374299526215
9747-DDZOS, 0.8328404426574707
3572-UUHRS, 0.0969327911734581
1357-MVDOZ, 0.2094101905822754
1728-CXQBE, 0.26256200671195984
7129-AZJDE, 0.14199945330619812
1830-GGFNM, 0.13211019337177277
4698-KVLLG, 0.09349000453948975
8714-EUHJO, 0.46883559226989746
4912-PIGUY, 0.8888705968856812
4373-VVHQL, 0.6224257349967957
2546-KZAAT, 0.1527600884437561
2568-BRGYX, 0.506169855594635
3658-QQJYD, 0.15218165516853333
5692-FPTAH, 0.6157220602035522
7619-PLRLP, 0.12310634553432465
6380-ARCEH, 0.4057408571243286
3520-FJGCV, 0.09423647820949554
8180-AKMJV, 0.6224257349967957
4425-OWHWB, 0.09614213556051254
2479-BRAMR, 0.38297662138938904
1641-RQDAY, 0.6151453256607056
0817-HSUSE, 0.5097066760063171
9127-QRZMH, 0.11553265899419785
0106-GHRQR, 0.20367473363876343
0856-NAOES, 0.2131342589855194
9229-RQABD, 0.10026926547288895
1544-JJMYL, 0.1254468709230423
0020-INWCK, 0.14619994163513184
4007-NHVHI, 0.3064509332180023
8874-EJNSR, 0.093393474817276
0235-KGSLC, 0.794545590877533
9150-HEPMB, 0.11203722655773163
0506-YLVKJ, 0.09159187972545624
3685-YLCMQ, 0.29576921463012695
3671-SHRSP, 0.7255565524101257
1573-LGXBA, 0.16691046953201294
6993-OHLXR, 0.508394181728363
0074-HDKDG, 0.12068436294794083
5859-HZYLF, 0.09240829944610596
4797-AXPXK, 0.5217187404632568
2251-PYLPB, 0.09085550159215927
8559-CIZFV, 0.1317550390958786
5993-BQHEA, 0.09451951086521149
4900-MSOMT, 0.09011703729629517
3161-ONRWK, 0.1126427948474884
5445-UTODQ, 0.767911434173584
9097-ZUBYC, 0.2235841006040573
5651-WYIPH, 0.1718176305294037
3722-WPXTK, 0.8829130530357361
1265-ZFOSD, 0.09631504118442535
7596-ZYWBB, 0.09405199438333511
1955-IBMMB, 0.09367974102497101
8361-LTMKD, 0.7146347761154175
8807-OPMBM, 0.09207048267126083
0867-MKZVY, 0.3788275122642517
9822-OAOVB, 0.6205251812934875
4536-PLEQY, 0.7071208953857422
0523-VNGTF, 0.2684164047241211
2474-LCNUE, 0.1635763943195343
5183-SNMJQ, 0.7680084705352783
0064-YIJGF, 0.4012461006641388
7601-DHFWZ, 0.09327232837677002
7493-TPUWZ, 0.8801153302192688
0137-UDEUO, 0.13389819860458374
1980-KXVPM, 0.7202478647232056
3329-WDIOK, 0.5980551838874817
8041-TMEID, 0.15521793067455292
6923-JHPMP, 0.6803338527679443
5099-BAILX, 0.4017033874988556
5469-NUJUR, 0.09215809404850006
7940-UQQUG, 0.15601305663585663
6646-QVXLR, 0.29616448283195496
5569-KGJHX, 0.7626643776893616
4455-BFSPD, 0.2763349711894989
6124-ACRHJ, 0.38491523265838623
0734-OXWBT, 0.34697622060775757
1580-BMCMR, 0.4575275182723999
2027-CWDNU, 0.29187726974487305
7826-VVKWT, 0.15821506083011627
8402-EIVQS, 0.19199788570404053
8780-YRMTT, 0.10310033708810806
1708-PBBOA, 0.1251116394996643
0679-IDSTG, 0.900567889213562
4335-BSMJS, 0.092563696205616
7465-ZZRVX, 0.8483039736747742
8234-GSZYK, 0.09374604374170303
3223-WZWJM, 0.472882479429245
9541-PWTWO, 0.0957382470369339
1206-EHBDD, 0.10904161632061005
0757-WCUUZ, 0.09836235642433167
9115-YQHGA, 0.15665514767169952
2680-XKKNJ, 0.12009311467409134
9938-EKRGF, 0.18630962073802948
2575-GFSOE, 0.35614389181137085
1474-JUWSM, 0.12382589280605316
0056-EPFBG, 0.09655837714672089
9258-CNWAC, 0.09707183390855789
3744-ZBHON, 0.19650857150554657
5641-DMBFJ, 0.10280611366033554
2428-ZMCTB, 0.1788899153470993
2239-CGBUZ, 0.11364201456308365
3316-UWXUY, 0.1784043312072754
1094-BKOSX, 0.12450412660837173
8755-OGKNA, 0.09187810122966766
8630-QSGXK, 0.09553264826536179
2027-WKXMW, 0.26672857999801636
7228-PAQPD, 0.16179877519607544
4458-KVRBJ, 0.09409952163696289
2625-TRCZQ, 0.2657025456428528
0701-RFGFI, 0.5039474368095398
3712-PKXZA, 0.09860924631357193
5564-NEMQO, 0.8540899753570557
4063-EIKNQ, 0.17553412914276123
5680-LQOGP, 0.09267480671405792
7816-VGHTO, 0.10780438780784607
4988-IQIGL, 0.8565161824226379
6870-ZWMNX, 0.09648201614618301
7016-BPGEU, 0.23259805142879486
1891-FZYSA, 0.3474577069282532
3077-RSNTJ, 0.15133409202098846
1536-HBSWP, 0.6119415163993835
5304-EFJLP, 0.12099070847034454
0812-WUPTB, 0.8217867016792297
3191-CSNMG, 0.7514570951461792
7925-PNRGI, 0.14580506086349487
8062-YBDOE, 0.902897834777832
7107-UBYKY, 0.13431449234485626
4065-JJAVA, 0.5980213284492493
0178-SZBHO, 0.47479528188705444
5848-FHRFC, 0.09140311181545258
2123-AGEEN, 0.767911434173584
7136-IHZJA, 0.15762671828269958
5003-OKNNK, 0.09463798254728317
1498-DQNRX, 0.12065439671278
9158-VCTQB, 0.4043859839439392
5918-VUKWP, 0.0969749316573143
1057-FOGLZ, 0.12720946967601776
4903-CNOZC, 0.14176325500011444
6270-OMFIW, 0.2252177894115448
5707-ORNDZ, 0.22998736798763275
9220-ZNKJI, 0.11349286139011383
7858-GTZSP, 0.7385844588279724
6685-GBWJZ, 0.11516556143760681
9578-VRMNM, 0.22975994646549225
5176-LDKUH, 0.11675366759300232
5995-OIGLP, 0.1933887004852295
5129-HHMZC, 0.0929771438241005
4854-SSLTN, 0.12975847721099854
4121-AGSIN, 0.10252828896045685
1320-REHCS, 0.3189479112625122
5797-APWZC, 0.8900217413902283
0516-VRYBW, 0.09454579651355743
2558-BUOZZ, 0.1899048238992691
5639-NTUPK, 0.22755740582942963
2058-DCJBE, 0.499421089887619
9700-ISPUP, 0.1982630342245102
0373-AIVNJ, 0.12011869251728058
1904-WAJAA, 0.09356372058391571
8064-RAVOH, 0.6241809725761414
0231-LXVAP, 0.6368527412414551
3758-CKOQL, 0.25874778628349304
1042-HFUCW, 0.11699952930212021
7908-QCBCA, 0.8951466083526611
5049-MUBWG, 0.16668662428855896
2586-CWXVV, 0.24030540883541107
9134-CEQMF, 0.7704386115074158
3200-MNQTF, 0.09423194080591202
7780-OTDSO, 0.5745983719825745
1471-GIQKQ, 0.59366375207901
1389-WNUIB, 0.16975384950637817
4513-CXYIX, 0.09885789453983307
2987-BJXIK, 0.09274593740701675
4546-FOKWR, 0.6699490547180176
6348-SNFUS, 0.0900963768362999
9639-BUJXT, 0.09814649075269699
4013-GUXND, 0.3347405791282654
2636-ALXXZ, 0.9010261297225952
5389-FFVKB, 0.43597251176834106
0928-JMXNP, 0.5727639198303223
4176-RELJR, 0.09265098720788956
1302-UHBDD, 0.4726320505142212
0820-FNRNX, 0.18250814080238342
9833-TGFHX, 0.18626946210861206
6599-CEBNN, 0.39840084314346313
8873-GLDMH, 0.7115089297294617
0134-XWXCE, 0.153264582157135
8413-YNHNV, 0.09233178198337555
0363-SVHYR, 0.08976852893829346
7893-IXHRQ, 0.33775001764297485
2038-OEQZH, 0.6713560223579407
0602-DDUML, 0.09375324845314026
4174-LPGTI, 0.13194867968559265
9139-TWBAS, 0.12456455826759338
9728-FTTVZ, 0.8996983766555786
8259-NFJTV, 0.3473781645298004
7336-RLLRH, 0.17771385610103607
6614-VBEGU, 0.1562429964542389
7964-YESJC, 0.1407981663942337
2972-YDYUW, 0.19010615348815918
4636-TVXVG, 0.09503113478422165
3714-NTNFO, 0.3892194926738739
8118-LSUEL, 0.6323148012161255
5832-TRLPB, 0.17217302322387695
8043-PNYSD, 0.09073910117149353
0031-PVLZI, 0.14328190684318542
1725-MIMXW, 0.4424580931663513
0786-IVLAW, 0.25115111470222473
8992-JQYUN, 0.7086812853813171
6121-VZNQB, 0.3675699234008789
3717-FDJFU, 0.093457892537117
2342-CKIAO, 0.1263093501329422
6861-OKBCE, 0.17703506350517273
3736-BLEPA, 0.15790237486362457
0723-FDLAY, 0.1576094627380371
4389-UEFCZ, 0.09887633472681046
0265-EDXBD, 0.4750729501247406
6551-ZCOTS, 0.10555155575275421
3423-HHXAO, 0.09561455994844437
5600-PDUJF, 0.2759600579738617
5857-TYBCJ, 0.507511556148529
1699-UOTXU, 0.0945899486541748
4908-XAXAY, 0.12370952218770981
8000-REIQB, 0.8497553467750549
7026-YMSBE, 0.09508150815963745
5777-ZPQNC, 0.09430821985006332
1087-UDSIH, 0.14506374299526215
1918-ZBFQJ, 0.7032375335693359
1045-LTCYT, 0.18439431488513947
7083-MIOPC, 0.0903014987707138
8433-WXGNA, 0.6334789991378784
9359-JANWS, 0.10018812119960785
0722-TROQR, 0.7216379046440125
2041-JIJCI, 0.2294682413339615
0114-RSRRW, 0.18104588985443115
0853-TWRVK, 0.10294654965400696
6982-UQZLY, 0.4432622194290161
6959-UWKHF, 0.6135042309761047
0278-YXOOG, 0.14189758896827698
9135-MGVPY, 0.09220525622367859
2103-ZRXFN, 0.5825368762016296
3045-XETSH, 0.7529264688491821
8249-THVEC, 0.0952305942773819
9848-JQJTX, 0.13923102617263794
3511-APPBJ, 0.22028109431266785
6485-QXWWE, 0.09250980615615845
2916-BQZLN, 0.43043437600135803
7898-PDWQE, 0.09022799134254456
4452-ROHMO, 0.09181638807058334
8344-WFMFH, 0.2087651789188385
1061-PNTHC, 0.20339956879615784
4827-USJHP, 0.14849184453487396
6496-JDSSB, 0.767911434173584
4999-IEZLT, 0.11114558577537537
4795-WRNVT, 0.1438997983932495
4818-QIUFN, 0.44894686341285706
1757-TCATG, 0.09478242695331573
5268-DSMNQ, 0.19019824266433716
1552-CZCLL, 0.12960705161094666
9734-UYXQI, 0.5842275023460388
5321-NTRKC, 0.09633786231279373
7267-FRMJW, 0.0919400155544281
0419-YAAPX, 0.4018069803714752
0269-XFESX, 0.1017250120639801
6654-QGBZZ, 0.3998969495296478
2959-EEXWB, 0.23563934862613678
5188-HGMLP, 0.26823505759239197
2650-GYRYL, 0.09538722783327103
8985-OOPOS, 0.31480103731155396
0531-ZZJWQ, 0.2918526530265808
1820-DJFPH, 0.08861369639635086
8060-HIWJJ, 0.09626878052949905
0151-ONTOV, 0.8271737694740295
4957-SREEC, 0.0903705582022667
1481-ZUWZA, 0.42530903220176697
7407-SUJIZ, 0.11183550953865051
6619-RPLQZ, 0.09336491674184799
3285-UCQVC, 0.2404722273349762
4873-ILOLJ, 0.45595672726631165
7554-AKDQF, 0.24644264578819275
6317-YPKDH, 0.6316626071929932
6804-GDMOI, 0.20477402210235596
5671-RQRLP, 0.10703550279140472
8318-LCNBW, 0.15429505705833435
2077-DDHJK, 0.09622207283973694
6917-YACBP, 0.17820972204208374
8603-IJWDN, 0.8825730681419373
0898-XCGTF, 0.23217186331748962
9356-AXGMP, 0.25803062319755554
1282-IHQAC, 0.13042588531970978
1095-WGNGG, 0.15462465584278107
8232-CTLKO, 0.09857166558504105
6996-KNSML, 0.8535329699516296
9840-EFJQB, 0.8346157670021057
3646-ITDGM, 0.09926631301641464
4295-YURET, 0.10560827702283859
3352-RICWQ, 0.09312499314546585
1658-TJVOA, 0.6251827478408813
2645-QTLMB, 0.7704386115074158
3948-XHGNA, 0.14813241362571716
1150-FTQGN, 0.17251750826835632
4707-YNOQA, 0.10371395945549011
0674-EYYZV, 0.6371101140975952
3810-DVDQQ, 0.09425602108240128
0667-NSRGI, 0.13057297468185425
9504-YAZWB, 0.10036580264568329
8807-ARQET, 0.25006285309791565
6127-IYJOZ, 0.7108213901519775
8806-EAGWC, 0.472284734249115
4626-OZDTJ, 0.1453164517879486
8680-CGLTP, 0.11542469263076782
5849-ASHZJ, 0.09541352093219757
3372-CDXFJ, 0.10116767883300781
7049-GKVZY, 0.19121596217155457
0899-LIIBW, 0.5890604257583618
4695-WJZUE, 0.7740451693534851
1229-RCALF, 0.23865944147109985
7326-RIGQZ, 0.46077337861061096
9372-TXXPS, 0.09388291090726852
8875-AKBYH, 0.5266848206520081
2800-QQUSO, 0.5200741291046143
0107-WESLM, 0.4551883637905121
5609-CEBID, 0.5272192358970642
9091-WTUUY, 0.09654064476490021
5982-PSMKW, 0.0930214449763298
2978-XXSOG, 0.15485113859176636
5906-DVAPM, 0.11621255427598953
8096-LOIST, 0.1688656508922577
0999-QXNSA, 0.21970105171203613
5445-PZWGX, 0.17261222004890442
3563-SVYLG, 0.09287834912538528
9227-YBAXE, 0.09646181762218475
4291-TPNFG, 0.08965747803449631
5016-ETTFF, 0.4677469730377197
7633-MVPUY, 0.093842051923275
4283-FUTGF, 0.5013736486434937
2592-YKDIF, 0.3389892578125
7240-FQLHE, 0.4834378659725189
6778-JFCMK, 0.17014527320861816
0374-FIUCA, 0.09094522893428802
0716-BQNDX, 0.1811857372522354
3181-VTHOE, 0.14787347614765167
7730-IUTDZ, 0.3347327709197998
2115-BFTIW, 0.3629501461982727
1031-IIDEO, 0.845700740814209
5854-KSRBJ, 0.09031663835048676
0040-HALCW, 0.09415372461080551
9420-LOJKX, 0.6895827054977417
6384-VMJHP, 0.09148911386728287
3500-RMZLT, 0.6327711939811707
4446-BZKHU, 0.4707234501838684
1086-LXKFY, 0.8909512162208557
2180-DXNEG, 0.7414374351501465
6418-PIQSP, 0.09998855739831924
0122-OAHPZ, 0.7056615948677063
3914-FDRHP, 0.6999514698982239
8313-KTIHG, 0.2654034495353699
2027-FECZV, 0.7418153285980225
5593-SUAOO, 0.12321452051401138
0218-QNVAS, 0.18395575881004333
9223-UCPVT, 0.8900217413902283
7130-CTCUS, 0.20186367630958557
7571-YXDAD, 0.6798039674758911
9031-ZVQPT, 0.14216451346874237
1530-ZTDOZ, 0.2648142874240875
3160-TYXLT, 0.24838143587112427
8676-OOQEJ, 0.44210508465766907
4826-DXMUP, 0.18456140160560608
7508-KBIMB, 0.11845827102661133
0956-SYCWG, 0.09422630071640015
7330-WZLNC, 0.7791105508804321
6574-MCOEH, 0.16505959630012512
6374-AFWOX, 0.09815049916505814
3845-FXCYS, 0.2447098344564438
3518-FSTWG, 0.1018611416220665
2696-RZVZW, 0.09028556942939758
7105-BENQF, 0.1554226279258728
2668-TZSPS, 0.33459508419036865
9250-WYPLL, 0.6572074294090271
0347-UBKUZ, 0.16967755556106567
2387-KDZQY, 0.09519991278648376
8707-HOEDG, 0.14667797088623047
8696-JKZNU, 0.4750729501247406
5442-PPTJY, 0.09167937934398651
0114-PEGZZ, 0.5690757036209106
8439-LTUGF, 0.17866383492946625
7606-BPHHN, 0.09024132788181305
6101-IMRMM, 0.688697099685669
6873-UDNLD, 0.15355075895786285
1247-QBVSH, 0.13404324650764465
9600-NAXZN, 0.5941995978355408
5781-RFZRP, 0.09129555523395538
1626-ERCMM, 0.5899726152420044
3428-MMGUB, 0.11382505297660828
7654-YWJUF, 0.1137421578168869
7590-VHVEG, 0.7024003863334656
7854-EDSSA, 0.15297085046768188
0968-GSIKN, 0.840865433216095
6937-GCDGQ, 0.11798559874296188
9631-XEYKE, 0.5241878628730774
4785-NKHCX, 0.17280195653438568
4693-VWVBO, 0.2244681417942047
3859-CVCET, 0.28714850544929504
4078-SAYYN, 0.7583618760108948
6050-FFXES, 0.13707536458969116
6985-HAYWX, 0.3945099115371704
4236-XPXAV, 0.7541448473930359
0877-SDMBN, 0.2703457772731781
4480-MBMLB, 0.27054694294929504
5519-YLDGW, 0.5166078805923462
1682-VCOIO, 0.09631454199552536
6253-WRFHY, 0.26023104786872864
8044-BGWPI, 0.17752555012702942
5465-BUBFA, 0.0923517569899559
5154-VEKBL, 0.24819324910640717
4237-CLSMM, 0.1362798511981964
0655-RBDUG, 0.7801280617713928
3948-KXDUF, 0.09423434734344482
2636-OHFMN, 0.4840185046195984
7544-ZVIKX, 0.2021721601486206
2055-SIFSS, 0.14490002393722534
9661-MHUMO, 0.6866102814674377
6567-HOOPW, 0.8886896967887878
0723-DRCLG, 0.853848397731781
9337-SRRNI, 0.09277553856372833
6131-FOYAS, 0.162762850522995
7078-NVFAM, 0.21297581493854523
2792-VPPET, 0.2135341763496399
2789-HQBOU, 0.7441194653511047
0613-WUXUM, 0.09044759720563889
0701-TJSEF, 0.21287883818149567
7114-AEOZE, 0.09224781394004822
7979-CORPM, 0.49298158288002014
9103-TCIHJ, 0.20610445737838745
4827-LTQRJ, 0.16385285556316376
1174-FGIFN, 0.13787782192230225
3604-WLABM, 0.23578529059886932
0870-VEMYL, 0.28522905707359314
4211-MMAZN, 0.33272048830986023
9313-CDOGY, 0.13701269030570984
7072-MBHEV, 0.6960477828979492
6481-OGDOO, 0.14932243525981903
1195-OIYEJ, 0.7414374351501465
4869-EPIUS, 0.13704819977283478
1325-USMEC, 0.14682692289352417
0508-SQWPL, 0.0933166965842247
7966-YOTQW, 0.22516734898090363
7813-TKCVO, 0.09489036351442337
9917-KWRBE, 0.12661127746105194
5394-SVGJV, 0.3779025971889496
7167-PCEYD, 0.09197749197483063
8466-PZBLH, 0.15014022588729858
7096-UCLNH, 0.40104028582572937
1245-HARPS, 0.09138626605272293
3030-YZADT, 0.2148384302854538
2480-JZOSN, 0.4355972409248352
6388-TABGU, 0.10827727615833282
4827-DPADN, 0.09287076443433762
4913-EHYUI, 0.1900610625743866
3450-WXOAT, 0.15206485986709595
0484-FFVBJ, 0.16899220645427704
6416-JNVRK, 0.12925861775875092
5301-GAUUY, 0.40939393639564514
0530-IJVDB, 0.144216388463974
1666-JXLKU, 0.5996925830841064
4495-LHSSK, 0.15219680964946747
6557-BZXLQ, 0.37661662697792053
7964-ZRKKG, 0.14691700041294098
7785-RDVIG, 0.13793937861919403
1803-BGNBD, 0.20646069943904877
8097-VBQTZ, 0.14097940921783447
3452-GWUIN, 0.5908867120742798
3301-LSLWQ, 0.16273722052574158
6100-FJZDG, 0.0953020304441452
6860-YRJZP, 0.6994685530662537
3750-YHRYO, 0.09916085004806519
7088-FBAWU, 0.19086472690105438
8327-LZKAS, 0.2672039866447449
5119-NZPTV, 0.5016597509384155
8749-CLJXC, 0.40104028582572937
8622-ZLFKO, 0.7656298875808716
5382-SOYZL, 0.5669119358062744
1167-OYZJF, 0.0905255526304245
7018-FPXHH, 0.09365879744291306
8495-PRWFH, 0.15554934740066528
3466-WAESX, 0.1953304409980774
7614-QVWQL, 0.16878920793533325
6549-BTYPG, 0.09355221688747406
5277-ZLOOR, 0.7823759913444519
2410-CIYFZ, 0.13016648590564728
7529-ZDFXI, 0.24850228428840637
4847-TAJYI, 0.7716615796089172
0620-DLSLK, 0.7258598208427429
9776-OJUZI, 0.420192152261734
9715-SBVSU, 0.09764957427978516
6393-WRYZE, 0.5977820754051208
3404-JNXAX, 0.24708791077136993
2057-ZBLPD, 0.47336888313293457
7156-MXBJE, 0.14529459178447723
0480-BIXDE, 0.5306903719902039
8158-WPEZG, 0.3177536129951477
6347-DCUIK, 0.6937588453292847
4646-QZXTF, 0.24273300170898438
7921-BEPCI, 0.09042110294103622
1751-NCDLI, 0.6070664525032043
0907-HQNTS, 0.12197498232126236
1399-UBQIU, 0.2176707237958908
1597-LHYNC, 0.4706062972545624
8628-MFKAX, 0.09471610933542252
7945-HLKEA, 0.11183726042509079
4468-YDOVK, 0.2834974527359009
9896-UYMIE, 0.25506988167762756
4006-HKYHO, 0.094184510409832
6463-MVYRY, 0.09770224243402481
3518-PZXZQ, 0.6280441880226135
9831-BPFRI, 0.12333953380584717
2974-GGUXS, 0.5171521902084351
6331-EWIEB, 0.5008417367935181
8469-SNFFH, 0.11583182960748672
7975-TZMLR, 0.2503017485141754
5440-VHLUL, 0.24826273322105408
5424-RLQLC, 0.1702122539281845
4418-LZMSV, 0.1876344531774521
0644-OQMDK, 0.5878251194953918
0883-EIBTI, 0.1505497545003891
4632-PAOYU, 0.094654880464077
7566-DSRLQ, 0.11959350854158401
1895-QTKDO, 0.5756007432937622
4273-MBHYA, 0.8805658221244812
9435-JMLSX, 0.08965747803449631
2523-EWWZL, 0.4067695438861847
5777-KJIRB, 0.11706177890300751
1299-AURJA, 0.09031151235103607
0440-EKDCF, 0.09356747567653656
1334-FJSVR, 0.6304658651351929
8930-XOTDP, 0.14910835027694702
9367-WXLCH, 0.6954761743545532
1385-TQOZW, 0.17780780792236328
8272-ONJLV, 0.45339760184288025
5914-DVBWJ, 0.3692779541015625
7746-AWNQW, 0.19064535200595856
8024-XNAFQ, 0.10035813599824905
1455-ESIQH, 0.8829130530357361
2892-GESUL, 0.09348828345537186
7629-WFGLW, 0.1697368323802948
1496-GGSUK, 0.8430851697921753
2924-KHUVI, 0.2305554300546646
0080-OROZO, 0.2475704550743103
3847-BAERP, 0.15654794871807098
8840-DQLGN, 0.3858180046081543
6198-ZFIOJ, 0.6572074294090271
4872-JCVCA, 0.0905168354511261
0485-ZBSLN, 0.09172150492668152
5619-PTMIK, 0.1542273610830307
2400-XIWIO, 0.09024430066347122
2082-CEFLT, 0.6249090433120728
3284-SVCRO, 0.09204001724720001
7048-GXDAY, 0.5220626592636108
8745-PVESG, 0.11668743938207626
1635-FJFCC, 0.2945117652416229
9170-CCKOU, 0.5168355107307434
3898-GUYTS, 0.2646901607513428
8069-YQQAJ, 0.2739855647087097
6942-LBFDP, 0.16140612959861755
6719-FGEDO, 0.0999230295419693
7030-FZTFM, 0.12740597128868103
0634-SZPQA, 0.39469191431999207
7446-KQISO, 0.23366819322109222
1810-MVMAI, 0.15133880078792572
3519-ZKXGG, 0.7250863313674927
4487-ZYJZK, 0.09552054107189178
6568-POCUI, 0.1676652580499649
3276-HDUEG, 0.8542703986167908
9633-DENPU, 0.1488361358642578
3963-RYFNS, 0.09483232349157333
9224-VTYID, 0.09254779666662216
9978-HYCIN, 0.13675273954868317
2267-FPIMA, 0.3081318736076355
9068-FHQHD, 0.09177304059267044
7601-GNDYK, 0.0921068787574768
3170-NMYVV, 0.09177304059267044
7298-IZWLY, 0.41155093908309937
8417-FMLZI, 0.7397293448448181
0442-ZXKVS, 0.319343626499176
0887-WBJVH, 0.19846174120903015
1228-FZFRV, 0.41378840804100037
8605-ITULD, 0.3687951862812042
7658-UYUQS, 0.44210535287857056
3704-IEAXF, 0.09026114642620087
8597-CWYHH, 0.2186252772808075
5939-XAIXZ, 0.15478011965751648
2805-AUFQN, 0.09298916906118393
5329-KRDTM, 0.09446068853139877
6176-YJWAS, 0.10379838943481445
6137-MFAJN, 0.2496875822544098
2834-JKOOW, 0.11480813473463058
1589-AGTLK, 0.5257554054260254
4695-VADHF, 0.1596473902463913
9450-TRJUU, 0.4908308684825897
4648-YPBTM, 0.09355253726243973
7549-MYGPK, 0.35613274574279785
5038-ETMLM, 0.09053003042936325
5453-AXEPF, 0.5349255800247192
4381-MHQDC, 0.09962036460638046
6212-ATMLK, 0.5681380033493042
9714-EDSUC, 0.6865054368972778
3086-RUCRN, 0.17013458907604218
4012-ZTHBR, 0.16341179609298706
4137-JOPHL, 0.1164829209446907
4039-PIMHX, 0.09522905945777893
8499-BRXTD, 0.09478104114532471
5261-QSHQM, 0.4919455349445343
6844-DZKRF, 0.5721491575241089
1702-CCFNJ, 0.13922809064388275
7813-ZGGAW, 0.3237501084804535
3717-OEAUQ, 0.5701684951782227
8835-VSDSE, 0.6099064350128174
1964-SVLEA, 0.09548499435186386
3001-UNBTL, 0.6273365020751953
9546-CQJSU, 0.7811521887779236
3373-YZZYM, 0.3109897971153259
8166-ZZTFS, 0.0989493876695633
5555-RNPGT, 0.1805681586265564
8167-GJLRN, 0.5923019051551819
6629-LADHQ, 0.4984769821166992
1641-BYBTK, 0.14161746203899384
1395-WSWXR, 0.092515729367733
8593-WHYHV, 0.7690178155899048
4950-BDEUX, 0.265417218208313
3398-GCPMU, 0.09996987134218216
8364-TRMMK, 0.49031567573547363
3115-CZMZD, 0.10905647277832031
4079-WWQQQ, 0.09097117185592651
4937-QPZPO, 0.1835223138332367
7663-RGWBC, 0.6132156252861023
0254-KCJGT, 0.14048874378204346
5845-BZZIB, 0.09184886515140533
4310-KEDTB, 0.1641083061695099
5628-FCGYG, 0.472882479429245
7130-YXBRO, 0.39414742588996887
8878-HMWBV, 0.52662593126297
0725-CXOTM, 0.14479495584964752
9133-AYJZG, 0.588617742061615
5469-CTCWN, 0.1650933176279068
6227-HWPWX, 0.3167034983634949
7139-JZFVG, 0.09386143833398819
0141-YEAYS, 0.4411878287792206
3143-ILDAL, 0.19478856027126312
4925-LMHOK, 0.1966170072555542
5605-IYGFG, 0.44619637727737427
7005-CCBKV, 0.7416274547576904
5919-VCZYM, 0.1218518540263176
6946-LMSQS, 0.13691255450248718
5195-KPUNQ, 0.18078170716762543
0872-JCPIB, 0.21357400715351105
1930-BZLHI, 0.09539970755577087
0479-HMSWA, 0.16939254105091095
4926-UMJZD, 0.14464811980724335
6838-YAUVY, 0.19537904858589172
0608-JDVEC, 0.09195272624492645
2157-MXBJS, 0.23731063306331635
2533-TIBIX, 0.26362451910972595
9770-LXDBK, 0.13271965086460114
4986-MXSFP, 0.13086681067943573
6370-ZVHDV, 0.09094807505607605
3810-PJUHR, 0.09031663835048676
6075-SLNIL, 0.4665824770927429
8123-QBNAZ, 0.4975478947162628
0946-CLJTI, 0.5005816221237183
8661-BOYNW, 0.0953909307718277
4847-QNOKA, 0.6219830513000488
0971-QIFJK, 0.08998622000217438
5505-OVWQW, 0.09404385089874268
4994-OBRSZ, 0.09626362472772598
1363-TXLSL, 0.8459831476211548
4815-GBTCD, 0.4886153042316437
4361-FEBGN, 0.0934576541185379
4002-BQWPQ, 0.14544355869293213
4385-GZQXV, 0.648542582988739
4043-MKDTV, 0.14611421525478363
5519-NPHVG, 0.7565680146217346
2672-OJQZP, 0.5826253890991211
8016-NCFVO, 0.22565162181854248
1163-VIPRI, 0.14046843349933624
5180-UCIIQ, 0.21495932340621948
3428-XZMAZ, 0.8996983766555786
2371-JQHZZ, 0.5367327332496643
2516-VQRRV, 0.7281764149665833
9565-JSNFM, 0.11655952036380768
7855-DIWPO, 0.38625016808509827
5302-BDJNT, 0.30622678995132446
4844-JJWUY, 0.8811066746711731
6776-TLWOI, 0.1325136125087738
4816-JBHOV, 0.6973613500595093
5054-IEXZT, 0.8509253859519958
4032-RMHCI, 0.11445785313844681
5177-RVZNU, 0.09546242654323578
7901-TBKJX, 0.506936252117157
9411-TPQQV, 0.15221205353736877
0637-UBJRP, 0.5646101236343384
1492-KGETH, 0.16845983266830444
0432-CAJZV, 0.7076138257980347
5146-CBVOE, 0.5344414114952087
3799-ISUZQ, 0.4322207272052765
3842-QTGDL, 0.5301304459571838
1686-STUHN, 0.09583933651447296
2794-XIMMO, 0.16521109640598297
9174-IHETN, 0.11627613753080368
3884-HCSWG, 0.43102988600730896
4432-ADRLB, 0.5844261646270752
4228-ZGYUW, 0.767764151096344
0639-TSIQW, 0.37145280838012695
8080-DDEMJ, 0.6992052793502808
7838-LAZFO, 0.14905838668346405
8329-UTMVM, 0.26647278666496277
2150-OEGBV, 0.09499654918909073
3935-TBRZZ, 0.10275999456644058
6402-ZFPPI, 0.5276986956596375
2867-UIMSS, 0.8808702826499939
6275-YDUVO, 0.7429893016815186
4903-UYAVB, 0.14429298043251038
3797-VTIDR, 0.6304658651351929
3934-HXCFZ, 0.4907653033733368
1154-HYWWO, 0.12529581785202026
2123-VSCOT, 0.09627100080251694
1976-AZZPJ, 0.39211738109588623
5057-LCOUI, 0.2583012580871582
0742-MOABM, 0.281459778547287
2676-ISHSF, 0.33272048830986023
2486-WYVVE, 0.18476976454257965
6034-ZRYCV, 0.09046617150306702
1629-DQQVB, 0.2257603257894516
2253-KPMNB, 0.0972028523683548
5208-FVQKB, 0.09220877289772034
6961-VCPMC, 0.3795202672481537
0621-HJWXJ, 0.20106184482574463
7295-JOMMD, 0.7576776742935181
9053-JZFKV, 0.14887821674346924
6599-RCLCJ, 0.3133668005466461
2403-BCASL, 0.18528015911579132
2580-ATZSQ, 0.11123460531234741
7851-WZEKY, 0.78572678565979
5624-BQSSA, 0.3433266878128052
1644-IRKSF, 0.1797514408826828
5619-XZZKR, 0.09877470880746841
6169-PGNCD, 0.09417575597763062
4530-NDRKU, 0.09601195156574249
4501-VCPFK, 0.25787755846977234
3594-UVONA, 0.16242338716983795
8337-UPOAQ, 0.7524756789207458
2603-HVKCG, 0.5124190449714661
0897-FEGMU, 0.7583618760108948
1731-TVIUK, 0.7694705128669739
1092-GANHU, 0.5047616958618164
1728-BQDMA, 0.5793303847312927
8510-BBWMU, 0.09655033051967621
6603-YRDCJ, 0.09356195479631424
2521-NPUZR, 0.13801881670951843
6848-HJTXY, 0.09133720397949219
5161-XEUVX, 0.15242275595664978
7291-CDTMJ, 0.4620663821697235
3765-JXVKY, 0.8516925573348999
7718-UPSKJ, 0.24798499047756195
4654-DLAMQ, 0.1798347383737564
2108-XWMPY, 0.5934687852859497
1755-FZQEC, 0.09583933651447296
3212-KXOCR, 0.09529875963926315
6901-GOGZG, 0.10234325379133224
1178-PZGAB, 0.09543383121490479
2072-ZVJJX, 0.09010753780603409
6016-NXBNJ, 0.09570194035768509
5816-QVHRX, 0.492760568857193
4465-VDKIQ, 0.421027272939682
2988-PLAHS, 0.32592055201530457
2302-ANTDP, 0.24008864164352417
3319-DWOEP, 0.7716615796089172
9026-RNUJS, 0.2907659411430359
9822-WMWVG, 0.4028170108795166
6353-BRMMA, 0.38767269253730774
8397-MVTAZ, 0.6060898303985596
5456-ITGIC, 0.0927591472864151
1043-YCUTE, 0.09261859208345413
7268-WNTCP, 0.09056178480386734
0233-FTHAV, 0.1192661002278328
0541-FITGH, 0.44397738575935364
1386-ZIKUV, 0.1493254452943802
8042-JVNFH, 0.8421047329902649
4274-DRSQT, 0.1416192501783371
1722-LDZJS, 0.09936805069446564
2685-SREOM, 0.47159355878829956
5828-AVIPD, 0.35647258162498474
8642-GVWRF, 0.7004206776618958
1866-NXPSP, 0.12562666833400726
8205-MQUGY, 0.22755740582942963
2277-DJJDL, 0.31532391905784607
5167-GBFRE, 0.554555356502533
7636-OWBPG, 0.30718159675598145
4184-VODJZ, 0.16292095184326172
1085-LDWAM, 0.09655794501304626
8087-LGYHQ, 0.7680084705352783
8263-JQAIK, 0.8301548957824707
0570-BFQHT, 0.6654085516929626
7997-EASSD, 0.1228247731924057
2234-XADUH, 0.17349816858768463
4701-LKOZD, 0.09346555173397064
4598-XLKNJ, 0.5311969518661499
5327-CNLUQ, 0.17261460423469543
0572-ZJKLT, 0.1783016473054886
1218-VKFPE, 0.1607135683298111
1429-UYJSV, 0.0940696969628334
6447-GORXK, 0.20847193896770477
8075-GXIUB, 0.10012353211641312
9912-OMZDS, 0.19227294623851776
7240-ETPTR, 0.3491533100605011
8564-LDKFL, 0.26488035917282104
8608-OZTLB, 0.13055594265460968
9330-DHBFL, 0.11951835453510284
3961-SXAXY, 0.601208508014679
0023-XUOPT, 0.6600646376609802
9743-DQKQW, 0.6201170086860657
4350-ZTLPI, 0.29785624146461487
2088-IEBAU, 0.09255865216255188
5317-FLPJF, 0.09662812203168869
2430-USGXP, 0.610319197177887
2208-NKVVH, 0.09347286820411682
2967-MXRAV, 0.1524210423231125
1842-EZJMK, 0.3363982141017914
0229-LFJAF, 0.09138645976781845
0107-YHINA, 0.8797633051872253
0139-IVFJG, 0.6546111702919006
9272-LSVYH, 0.37396422028541565
7079-QRCBC, 0.6020421385765076
3091-FYHKI, 0.7040387392044067
0196-VULGZ, 0.7631165981292725
9227-UAQFT, 0.09224246442317963
3094-JOJAI, 0.40892207622528076
8999-BOHSE, 0.675875723361969
5120-ZBLAI, 0.1374160200357437
6313-GIDIT, 0.2767140567302704
7801-KICAO, 0.4630291163921356
8566-YPRGL, 0.4517459571361542
5955-ERIHD, 0.5743847489356995
0564-JJHGS, 0.7791749238967896
7064-JHXCE, 0.09062664955854416
5197-PYEPU, 0.17719289660453796
3798-EPWRR, 0.6763057112693787
2720-WGKHP, 0.7904894948005676
7534-BFESC, 0.4790164530277252
4289-DTDKW, 0.6080607771873474
6067-NGCEU, 0.30140766501426697
7325-ENZFI, 0.1092984601855278
1608-GMEWB, 0.5288623571395874
2359-KLTEK, 0.4456910490989685
1270-XKUCC, 0.09215474128723145
6906-ANDWJ, 0.6841893792152405
6030-REHUX, 0.5014272928237915
8902-ZEOVF, 0.09536360949277878
5712-AHQNN, 0.42035382986068726
3258-SYSWS, 0.10075724124908447
1376-HHBDV, 0.14661583304405212
8752-GHJFU, 0.15185117721557617
6424-ELEYH, 0.715035080909729
8612-GXIDD, 0.09404025971889496
4712-UYOOI, 0.13220369815826416
3498-LZGQZ, 0.09104601293802261
4950-HKQTE, 0.09613777697086334
8901-UPRHR, 0.13987058401107788
5393-RXQSZ, 0.8815375566482544
6261-RCVNS, 0.12775546312332153
0607-MVMGC, 0.15357881784439087
5149-TGWDZ, 0.30213892459869385
4826-XTSOH, 0.885918378829956
4589-IUAJB, 0.09036178141832352
8757-TFHHJ, 0.5790982842445374
1297-VQDRP, 0.1693705916404724
7000-WCEVQ, 0.1573805958032608
6303-KFWSL, 0.11658699810504913
1334-PDUKM, 0.16261936724185944
3904-UKFRE, 0.6877450346946716
7488-MXJIV, 0.779945433139801
0840-DFEZH, 0.7023624181747437
5339-TJFEK, 0.37173882126808167
1080-BWSYE, 0.09125932306051254
0362-RAOQO, 0.09350903332233429
3627-FCRDW, 0.4724874794483185
6365-MTGZX, 0.3028301000595093
4855-SNKMY, 0.6016599535942078
4634-JLRJT, 0.42625659704208374
2320-SLKMB, 0.2606257498264313
1066-JKSGK, 0.4057408571243286
4713-LZDRV, 0.742394745349884
2894-QOJRX, 0.2608054578304291
5760-FXFVO, 0.6283167600631714
9640-ZSLDC, 0.1216794103384018
0871-URUWO, 0.7367709875106812
2545-LXYVJ, 0.08876682072877884
2858-EIMXH, 0.2298808991909027
9878-TNQGW, 0.7498067021369934
8395-ETZKQ, 0.09511609375476837
7581-EBBOU, 0.12400885671377182
6630-UJZMY, 0.7775411009788513
0330-IVZHA, 0.4294925630092621
8617-ENBDS, 0.6595069766044617
4719-UMSIY, 0.14852780103683472
2541-YGPKE, 0.14079409837722778
6261-LHRTG, 0.1571492999792099
2874-YXVVA, 0.39448246359825134
5748-RNCJT, 0.16443760693073273
0980-FEXWF, 0.1179158091545105
7450-NWRTR, 0.744462251663208
0106-UGRDO, 0.13219469785690308
7752-XUSCI, 0.4560273289680481
9114-VEPUF, 0.18456099927425385
8063-GBATB, 0.5039465427398682
9552-TGUZV, 0.6024436354637146
7471-MQPOS, 0.17828859388828278
3154-HMWUU, 0.09054981172084808
3295-YVUSR, 0.6870235800743103
4860-IJUDE, 0.6118457913398743
8823-RLPWL, 0.09219967573881149
9631-RXVJM, 0.09589650481939316
2770-NSVDG, 0.25614669919013977
5356-KZCKT, 0.09346245974302292
1208-DNHLN, 0.11851203441619873
8992-CEUEN, 0.27772706747055054
0354-VXMJC, 0.09237819164991379
8802-UNOJF, 0.6971134543418884
0876-WDUUZ, 0.7439544796943665
4531-AUZNK, 0.18371355533599854
7379-FNIUJ, 0.6663910150527954
9948-YPTDG, 0.3508865237236023
7564-GHCVB, 0.09588587284088135
4647-MUZON, 0.5161864161491394
9506-UXUSK, 0.4366472661495209
6360-SVNWV, 0.3933388292789459
5136-KCKGI, 0.2087029218673706
7673-LPRNY, 0.15304745733737946
4024-CSNBY, 0.15167468786239624
0621-TSSMU, 0.09777994453907013
3606-TWKGI, 0.7365628480911255
6608-QQLVK, 0.6271585822105408
7706-YLMQA, 0.09685705602169037
3275-RHRNE, 0.16411052644252777
2135-RXIHG, 0.6269252896308899
3889-VWBID, 0.092460498213768
8109-YUOHE, 0.1117546483874321
8456-QDAVC, 0.443572461605072
3643-AHCFP, 0.7827436327934265
7250-EQKIY, 0.5851612091064453
3070-FNFZQ, 0.09189914911985397
0643-OKLRP, 0.3524923622608185
0224-NIJLP, 0.09197350591421127
0804-XBFBV, 0.3734753727912903
8133-ANHHJ, 0.19855144619941711
2001-MCUUW, 0.19982953369617462
1098-TDVUQ, 0.37856823205947876
0963-ZBDRN, 0.2936990261077881
9602-WCXPI, 0.0977487787604332
7665-TOALD, 0.8996983766555786
6029-CSMJE, 0.25633949041366577
5006-MXVRN, 0.0932915210723877
9842-EFSYY, 0.36778849363327026
4702-HDRKD, 0.11275280267000198
2509-TFPJU, 0.0890200063586235
6655-LHBYW, 0.26450493931770325
1685-VAYJF, 0.23722532391548157
9837-BMCLM, 0.7171527147293091
2576-HXMPA, 0.2934968173503876
5799-JRCZO, 0.09239394217729568
3347-YJZZE, 0.16863441467285156
1501-SGHBW, 0.575120747089386
3774-VBNXY, 0.09089111536741257
8405-IGQFX, 0.15684476494789124
2831-EBWRN, 0.3221432566642761
1049-FYSYG, 0.310043066740036
7503-MIOGA, 0.09291524440050125
9124-LHCJQ, 0.8818603157997131
3407-JMJQQ, 0.11705707758665085
0795-GMVQO, 0.2580417990684509
1907-UBQFC, 0.5699887871742249
8404-VLQFB, 0.20147770643234253
5960-MVTUK, 0.6558597683906555
1069-QJOEE, 0.09520552307367325
5201-CBWYG, 0.10041305422782898
4304-TSPVK, 0.14111019670963287
2688-BHGOG, 0.7342268228530884
2305-MRGLV, 0.23244178295135498
3703-VAVCL, 0.6707296371459961
5997-OPVFA, 0.08965747803449631
1784-EZDKJ, 0.30139702558517456
7399-QHBJS, 0.09184989333152771
5956-VKDTT, 0.7174918055534363
1657-DYMBM, 0.09291817247867584
0744-BIKKF, 0.08978084474802017
3014-WJKSM, 0.4013211131095886
1379-FRVEB, 0.6977601647377014
2960-NKRSO, 0.2602395713329315
0886-QGENL, 0.4900311529636383
2040-LDIWQ, 0.09558365494012833
5965-GGPRW, 0.10438327491283417
9432-RUVSL, 0.17637468874454498
4778-IZARL, 0.1405147910118103
6733-LRIZX, 0.1884443163871765
3374-TTZTK, 0.215959832072258
1113-IUJYX, 0.469486266374588
5266-PFRQK, 0.10360272973775864
0475-RIJEP, 0.38718894124031067
4765-OXPPD, 0.17721183598041534
1169-SAOCL, 0.29973113536834717
3088-FVYWK, 0.09369289875030518
6439-LAJXL, 0.1756463646888733
7927-AUXBZ, 0.29058805108070374
9408-HRXRK, 0.47565361857414246
1089-XZWHH, 0.09193198382854462
5203-XEHAX, 0.1250140219926834
0516-QREYC, 0.1285390555858612
8350-NYMVI, 0.2569550573825836
2187-LZGPL, 0.4794449210166931
0689-DSXGL, 0.1811247318983078
3413-CSSTH, 0.1558988094329834
9351-LZYGF, 0.1565307080745697
2878-DHMIN, 0.09525962918996811
1374-DMZUI, 0.7857484221458435
3199-XGZCY, 0.6991269588470459
4623-ZKHLY, 0.12853802740573883
7033-CLAMM, 0.09245669841766357
9108-EQPNQ, 0.09350325912237167
4633-MKHYU, 0.7643864750862122
2676-OXPPQ, 0.21373717486858368
3181-MIZBN, 0.193792924284935
2604-XVDAM, 0.2231176793575287
5294-IMHHT, 0.1951068639755249
9912-GVSEQ, 0.5223241448402405
2360-RDGRO, 0.3864043354988098
2706-QZIHY, 0.09326718747615814
7025-WCBNE, 0.09965573996305466
9685-WKZGT, 0.6912667751312256
4608-LCIMN, 0.23171015083789825
9355-NPPFS, 0.4464500844478607
8519-QJGJD, 0.5570802688598633
8166-ORCHU, 0.15084151923656464
3546-GHEAE, 0.09201382100582123
2722-VOJQL, 0.23832377791404724
8347-GDTMP, 0.09133720397949219
5372-FBKBN, 0.11506804823875427
3057-VJJQE, 0.09517627954483032
3445-HXXGF, 0.27781030535697937
5940-AHUHD, 0.8266809582710266
9725-SCPZG, 0.8776107430458069
7950-XWOVN, 0.23202632367610931
0301-KOBTQ, 0.09257539361715317
9221-OTIVJ, 0.7345414161682129
6818-DJXAA, 0.7408240437507629
8904-OPDCK, 0.2348511517047882
9850-OWRHQ, 0.715035080909729
2249-YPRNG, 0.5812139511108398
2809-ZMYOQ, 0.5996925830841064
7209-JCUDS, 0.7569247484207153
3384-CTMSF, 0.5596326589584351
2203-GHNWN, 0.4045462906360626
1447-PJGGA, 0.1727108210325241
5520-FVEWJ, 0.7237398624420166
6806-YDEUL, 0.18893952667713165
3551-HUAZH, 0.8531299233436584
3724-UCSHY, 0.14852780103683472
3198-VELRD, 0.7672579288482666
6116-RFVHN, 0.5996925830841064
3569-EDBPQ, 0.26584404706954956
5893-PYOLZ, 0.09312461316585541
4250-FDVOU, 0.21465027332305908
9453-PATOS, 0.08981810510158539
4183-WCSEP, 0.2645178735256195
5380-AFSSK, 0.7837160229682922
0848-SOMKO, 0.09559261798858643
9278-VZKCD, 0.39483940601348877
0019-GFNTW, 0.1001201719045639
9142-KZXOP, 0.3345998525619507
4488-KQFDT, 0.32147157192230225
6967-PEJLL, 0.11488460004329681
7503-ZGUZJ, 0.881887674331665
3178-CIFOT, 0.09636041522026062
6227-FBDXH, 0.2239995151758194
3258-ZKPAI, 0.09874021261930466
8784-CGILN, 0.47396939992904663
2398-YPMUR, 0.42666196823120117
6425-JWTDV, 0.09245195239782333
1228-ZLNBX, 0.3842575252056122
1038-ZAGBI, 0.09435119479894638
6478-HRRCZ, 0.13816531002521515
6680-WKXRZ, 0.6609702110290527
2882-WDTBA, 0.09489753097295761
4819-HJPIW, 0.2035834640264511
8220-OCUFY, 0.12466844916343689
1680-VDCWW, 0.09443291276693344
5793-YOLJN, 0.09248838573694229
6016-LVTJQ, 0.12144502252340317
2911-WDXMV, 0.47333279252052307
5876-QMYLD, 0.09468391537666321
9788-HNGUT, 0.09782766550779343
1110-KYLGQ, 0.29121115803718567
0961-ZWLVI, 0.20716020464897156
3957-HHLMR, 0.12737338244915009
6688-UZPWD, 0.7583618760108948
0480-KYJVA, 0.08876948058605194
7595-EUIVN, 0.8836448192596436
9643-AVVWI, 0.7405112981796265
3282-ZISZV, 0.1932028979063034
3165-HDOEW, 0.6177574992179871
1452-UZOSF, 0.10203460603952408
1095-JUDTC, 0.2956138253211975
0048-PIHNL, 0.09726747870445251
7479-NITWS, 0.7780808806419373
6467-CHFZW, 0.5783048272132874
4123-DVHPH, 0.6922678351402283
8999-XXGNS, 0.18698029220104218
5652-MSDEY, 0.6937588453292847
4123-FCVCB, 0.2725694179534912
6633-MPWBS, 0.2971511781215668
6986-IXNDM, 0.7163469791412354
4129-LYCOI, 0.13181166350841522
1635-NZATJ, 0.08897535502910614
5868-YWPDW, 0.7416274547576904
9795-VOWON, 0.15133899450302124
9699-UBQFS, 0.46678265929222107
3884-UEBXB, 0.09229893237352371
3791-LGQCY, 0.46841394901275635
5642-MHDQT, 0.0984383374452591
8963-MQVYN, 0.13209959864616394
0970-QXPXW, 0.38491523265838623
9835-ZIITK, 0.2545766532421112
5655-JSMZM, 0.6024570465087891
6865-JZNKO, 0.15355025231838226
4143-OOBWZ, 0.7586514353752136
3278-FSIXX, 0.6199925541877747
6729-GDNGC, 0.4363974332809448
5647-FXOTP, 0.4520985782146454
1265-XTECC, 0.16602353751659393
5057-RKGLH, 0.09255969524383545
9903-LYSAB, 0.4586769640445709
1447-GIQMR, 0.8951836824417114
6469-MRVET, 0.17502827942371368
5349-AZPEW, 0.36687153577804565
5419-CONWX, 0.7727173566818237
8735-SDUFN, 0.08875873684883118
5985-TBABQ, 0.15927234292030334
7878-JGDKK, 0.2714994549751282
8701-DGLVH, 0.09667959809303284
8779-YIQQA, 0.094654880464077
2165-VOEGB, 0.2223941832780838
2371-JUNGC, 0.15095923840999603
2453-SAFNS, 0.11632867902517319
0409-WTMPL, 0.26401349902153015
2308-STERM, 0.13333268463611603
2303-PJYHN, 0.1492781937122345
6641-XRPSU, 0.3984878957271576
3082-WQRVY, 0.09435092657804489
9261-WDCAF, 0.48097383975982666
9489-UTFKA, 0.21174250543117523
7389-KBFIT, 0.6670331358909607
7740-KKCXF, 0.23595452308654785
7398-HPYZQ, 0.08976852893829346
8099-MZPUJ, 0.19395381212234497
7218-HKQFK, 0.7714661359786987
1465-VINDH, 0.7564104199409485
7293-LSCDV, 0.09293820708990097
1159-WFSGR, 0.18759703636169434
2792-LSHWX, 0.634115993976593
7750-EYXWZ, 0.21064427495002747
6339-TBELP, 0.10273338854312897
8606-CIQUL, 0.0947471484541893
1921-KYSAY, 0.12867304682731628
7517-LDMPS, 0.705230712890625
6072-NUQCB, 0.094654880464077
9529-OFXHY, 0.6628944277763367
8205-OTCHB, 0.15901459753513336
6371-NZYEG, 0.10677669942378998
8670-ERCJH, 0.09343764185905457
8591-NXRCV, 0.16027040779590607
4132-KALRO, 0.7821514010429382
3633-CDBUW, 0.2019931674003601
5338-YHWYT, 0.09461057186126709
2235-ZGKPT, 0.2748197913169861
5968-VXZLG, 0.6147180795669556
9560-BBZXK, 0.0942351296544075
6549-NNDYT, 0.31113141775131226
8384-FZBJK, 0.4921763241291046
0191-EQUUH, 0.09496764838695526
3079-BCHLN, 0.09615752846002579
2525-GVKQU, 0.09392675757408142
6173-GOLSU, 0.44292500615119934
2498-XLDZR, 0.09392009675502777
4088-YLDSU, 0.27831003069877625
3227-WLKLI, 0.09575308114290237
8069-RHUXK, 0.09888704121112823
2862-PFNIK, 0.6927476525306702
8685-WHQPW, 0.43708139657974243
2364-UFROM, 0.1295354962348938
6885-PKOAM, 0.0902777835726738
5110-CHOPY, 0.11066669225692749
5360-XGYAZ, 0.08990417420864105
8450-LUGUK, 0.09284955263137817
7795-CFOCW, 0.11764676868915558
0396-HUJBP, 0.13462360203266144
3892-NXAZG, 0.09423647820949554
3957-SQXML, 0.09347470104694366
4897-QSUYC, 0.5019962191581726